File,Frames
135/135_08.bvh,291
132/132_17.bvh,268
132/132_38.bvh,180
132/132_51.bvh,174
132/132_22.bvh,371
132/132_21.bvh,354
132/132_34.bvh,517
132/132_20.bvh,342
132/132_18.bvh,425
132/132_25.bvh,556
132/132_19.bvh,271
132/132_33.bvh,411
104/104_16.bvh,327
104/104_17.bvh,465
104/104_15.bvh,208
104/104_01.bvh,385
104/104_29.bvh,480
104/104_28.bvh,566
104/104_10.bvh,334
104/104_04.bvh,198
104/104_05.bvh,489
104/104_11.bvh,539
104/104_13.bvh,550
104/104_12.bvh,421
104/104_06.bvh,337
104/104_48.bvh,120
104/104_54.bvh,249
104/104_55.bvh,504
104/104_57.bvh,384
104/104_56.bvh,368
104/104_53.bvh,299
104/104_37.bvh,150
104/104_08.bvh,314
104/104_09.bvh,349
103/103_08.bvh,557
103/103_03.bvh,442
103/103_01.bvh,21
103/103_04.bvh,506
103/103_05.bvh,546
103/103_07.bvh,236
103/103_06.bvh,402
03/03_01.bvh,432
03/03_02.bvh,365
32/32_01.bvh,482
32/32_02.bvh,434
35/35_21.bvh,161
35/35_09.bvh,384
35/35_08.bvh,455
35/35_20.bvh,163
35/35_34.bvh,415
35/35_22.bvh,167
35/35_23.bvh,162
35/35_33.bvh,421
35/35_32.bvh,392
35/35_26.bvh,138
35/35_18.bvh,175
35/35_30.bvh,412
35/35_24.bvh,150
35/35_25.bvh,165
35/35_31.bvh,421
35/35_19.bvh,160
35/35_14.bvh,411
35/35_28.bvh,417
35/35_29.bvh,497
35/35_01.bvh,358
35/35_15.bvh,406
35/35_03.bvh,427
35/35_17.bvh,167
35/35_16.bvh,443
35/35_02.bvh,406
35/35_06.bvh,438
35/35_12.bvh,397
35/35_13.bvh,454
35/35_07.bvh,360
35/35_11.bvh,385
35/35_05.bvh,427
35/35_04.bvh,433
35/35_10.bvh,432
102/102_14.bvh,196
102/102_15.bvh,179
102/102_01.bvh,277
102/102_17.bvh,176
102/102_03.bvh,152
102/102_02.bvh,174
102/102_16.bvh,213
102/102_12.bvh,171
102/102_06.bvh,141
102/102_07.bvh,112
102/102_13.bvh,152
102/102_05.bvh,109
102/102_11.bvh,174
102/102_10.bvh,97
102/102_04.bvh,167
102/102_21.bvh,519
102/102_09.bvh,46
102/102_08.bvh,140
102/102_22.bvh,246
102/102_23.bvh,356
102/102_33.bvh,220
102/102_27.bvh,171
102/102_26.bvh,448
102/102_32.bvh,305
102/102_18.bvh,230
102/102_24.bvh,326
102/102_30.bvh,214
102/102_31.bvh,229
102/102_25.bvh,296
102/102_19.bvh,226
69/69_66.bvh,583
69/69_64.bvh,550
69/69_63.bvh,545
69/69_04.bvh,426
69/69_05.bvh,453
69/69_02.bvh,343
69/69_03.bvh,430
69/69_01.bvh,469
69/69_29.bvh,391
69/69_28.bvh,464
69/69_25.bvh,463
69/69_31.bvh,372
69/69_30.bvh,389
69/69_24.bvh,427
69/69_32.bvh,387
69/69_26.bvh,427
69/69_27.bvh,424
69/69_33.bvh,401
69/69_23.bvh,560
69/69_22.bvh,497
69/69_20.bvh,548
69/69_52.bvh,544
69/69_53.bvh,454
69/69_50.bvh,526
69/69_54.bvh,499
69/69_55.bvh,475
105/105_56.bvh,500
105/105_42.bvh,560
105/105_43.bvh,227
105/105_41.bvh,503
105/105_55.bvh,467
105/105_40.bvh,469
105/105_44.bvh,338
105/105_51.bvh,484
105/105_45.bvh,371
105/105_53.bvh,555
105/105_47.bvh,469
105/105_46.bvh,322
105/105_52.bvh,509
105/105_37.bvh,315
105/105_06.bvh,136
105/105_39.bvh,446
105/105_38.bvh,458
105/105_48.bvh,440
105/105_60.bvh,367
105/105_61.bvh,362
105/105_49.bvh,482
105/105_59.bvh,312
105/105_58.bvh,493
133/133_25.bvh,410
133/133_18.bvh,469
133/133_16.bvh,505
133/133_17.bvh,577
93/93_08.bvh,557
93/93_03.bvh,442
93/93_01.bvh,21
93/93_04.bvh,506
93/93_05.bvh,546
93/93_07.bvh,236
93/93_06.bvh,402
134/134_15.bvh,258
134/134_01.bvh,357
134/134_14.bvh,474
134/134_02.bvh,263
134/134_03.bvh,399
134/134_07.bvh,302
134/134_13.bvh,441
134/134_12.bvh,368
134/134_06.bvh,299
134/134_10.bvh,342
134/134_04.bvh,191
134/134_05.bvh,324
134/134_11.bvh,341
134/134_08.bvh,260
134/134_09.bvh,202
05/05_03.bvh,434
05/05_16.bvh,525
05/05_01.bvh,598
05/05_15.bvh,540
05/05_11.bvh,591
02/02_03.bvh,173
02/02_02.bvh,298
02/02_01.bvh,343
02/02_04.bvh,483
20/20_03.bvh,274
20/20_02.bvh,229
20/20_06.bvh,289
20/20_12.bvh,246
20/20_07.bvh,243
20/20_11.bvh,232
20/20_05.bvh,230
20/20_04.bvh,248
20/20_10.bvh,519
20/20_08.bvh,214
18/18_04.bvh,405
18/18_05.bvh,438
18/18_07.bvh,291
18/18_13.bvh,466
18/18_06.bvh,407
18/18_02.bvh,301
18/18_03.bvh,592
18/18_01.bvh,303
18/18_14.bvh,332
18/18_09.bvh,232
11/11_01.bvh,597
16/16_49.bvh,127
16/16_48.bvh,128
16/16_58.bvh,342
16/16_29.bvh,282
16/16_01.bvh,322
16/16_15.bvh,471
16/16_14.bvh,476
16/16_28.bvh,271
16/16_16.bvh,510
16/16_02.bvh,466
16/16_03.bvh,410
16/16_17.bvh,518
16/16_13.bvh,444
16/16_07.bvh,422
16/16_06.bvh,407
16/16_12.bvh,441
16/16_04.bvh,380
16/16_10.bvh,461
16/16_38.bvh,168
16/16_39.bvh,147
16/16_11.bvh,534
16/16_05.bvh,295
16/16_08.bvh,239
16/16_20.bvh,503
16/16_34.bvh,347
16/16_35.bvh,162
16/16_21.bvh,312
16/16_09.bvh,496
16/16_37.bvh,184
16/16_23.bvh,299
16/16_22.bvh,307
16/16_36.bvh,189
16/16_32.bvh,580
16/16_26.bvh,269
16/16_27.bvh,243
16/16_33.bvh,285
16/16_25.bvh,284
16/16_31.bvh,424
16/16_19.bvh,410
16/16_18.bvh,520
16/16_30.bvh,266
16/16_24.bvh,297
16/16_43.bvh,210
16/16_57.bvh,268
16/16_56.bvh,169
16/16_42.bvh,206
16/16_54.bvh,138
16/16_40.bvh,194
16/16_41.bvh,160
16/16_55.bvh,181
16/16_51.bvh,178
16/16_45.bvh,135
16/16_44.bvh,216
16/16_50.bvh,130
16/16_46.bvh,136
16/16_52.bvh,173
16/16_53.bvh,143
16/16_47.bvh,416
89/89_03.bvh,272
89/89_02.bvh,235
45/45_01.bvh,456
111/111_37.bvh,324
111/111_25.bvh,291
111/111_18.bvh,541
111/111_30.bvh,462
111/111_40.bvh,307
111/111_02.bvh,423
111/111_16.bvh,430
111/111_17.bvh,564
111/111_29.bvh,545
111/111_15.bvh,269
111/111_10.bvh,449
111/111_11.bvh,572
118/118_06.bvh,543
118/118_10.bvh,523
118/118_29.bvh,583
118/118_03.bvh,497
118/118_31.bvh,208
118/118_25.bvh,586
118/118_18.bvh,592
118/118_20.bvh,558
118/118_09.bvh,480
87/87_03.bvh,247
87/87_02.bvh,344
87/87_05.bvh,511
87/87_04.bvh,216
127/127_36.bvh,215
127/127_22.bvh,359
127/127_23.bvh,349
127/127_37.bvh,342
127/127_09.bvh,198
127/127_21.bvh,355
127/127_35.bvh,240
127/127_34.bvh,203
127/127_20.bvh,360
127/127_08.bvh,139
127/127_24.bvh,339
127/127_30.bvh,240
127/127_18.bvh,393
127/127_19.bvh,440
127/127_31.bvh,513
127/127_25.bvh,230
127/127_33.bvh,205
127/127_27.bvh,249
127/127_26.bvh,246
127/127_32.bvh,328
127/127_17.bvh,381
127/127_03.bvh,332
127/127_16.bvh,258
127/127_28.bvh,217
127/127_14.bvh,151
127/127_15.bvh,163
127/127_01.bvh,253
127/127_29.bvh,209
127/127_05.bvh,387
127/127_11.bvh,200
127/127_38.bvh,191
127/127_10.bvh,168
127/127_04.bvh,446
127/127_12.bvh,177
127/127_06.bvh,173
127/127_07.bvh,145
127/127_13.bvh,185
74/74_09.bvh,199
74/74_20.bvh,576
74/74_08.bvh,168
74/74_18.bvh,492
74/74_19.bvh,488
74/74_17.bvh,521
74/74_03.bvh,396
74/74_02.bvh,265
74/74_16.bvh,493
74/74_14.bvh,447
74/74_15.bvh,439
74/74_01.bvh,464
74/74_05.bvh,323
74/74_11.bvh,346
74/74_10.bvh,335
74/74_04.bvh,315
74/74_12.bvh,302
74/74_06.bvh,325
74/74_07.bvh,311
10/10_03.bvh,362
10/10_02.bvh,590
10/10_05.bvh,436
10/10_04.bvh,549
10/10_06.bvh,572
19/19_09.bvh,232
19/19_06.bvh,407
19/19_13.bvh,466
19/19_07.bvh,291
19/19_05.bvh,438
19/19_04.bvh,405
19/19_14.bvh,332
19/19_01.bvh,303
19/19_03.bvh,592
19/19_02.bvh,301
26/26_11.bvh,549
21/21_08.bvh,214
21/21_02.bvh,229
21/21_03.bvh,274
21/21_10.bvh,519
21/21_04.bvh,248
21/21_05.bvh,230
21/21_11.bvh,232
21/21_07.bvh,243
21/21_12.bvh,246
21/21_06.bvh,289
75/75_01.bvh,378
75/75_14.bvh,446
75/75_16.bvh,343
75/75_02.bvh,239
75/75_03.bvh,207
75/75_17.bvh,324
75/75_13.bvh,373
75/75_12.bvh,462
75/75_04.bvh,290
75/75_10.bvh,275
75/75_11.bvh,176
75/75_05.bvh,298
75/75_20.bvh,496
75/75_09.bvh,372
75/75_18.bvh,303
81/81_16.bvh,10
81/81_02.bvh,544
81/81_12.bvh,502
121/121_08.bvh,337
121/121_09.bvh,305
121/121_18.bvh,394
121/121_10.bvh,2
121/121_05.bvh,513
121/121_11.bvh,180
126/126_13.bvh,115
43/43_01.bvh,421
128/128_10.bvh,427
128/128_04.bvh,136
128/128_05.bvh,209
128/128_11.bvh,378
128/128_07.bvh,346
128/128_06.bvh,197
128/128_02.bvh,167
128/128_03.bvh,164
128/128_01.bvh,325
128/128_08.bvh,330
128/128_09.bvh,172
88/88_07.bvh,156
88/88_06.bvh,230
88/88_10.bvh,467
88/88_05.bvh,149
88/88_01.bvh,202
88/88_03.bvh,354
88/88_08.bvh,289
88/88_09.bvh,376
117/117_09.bvh,253
07/07_09.bvh,306
07/07_08.bvh,362
07/07_06.bvh,417
07/07_12.bvh,263
07/07_07.bvh,379
07/07_11.bvh,315
07/07_05.bvh,517
07/07_04.bvh,449
07/07_10.bvh,301
07/07_01.bvh,316
07/07_03.bvh,415
07/07_02.bvh,329
38/38_02.bvh,420
38/38_01.bvh,352
36/36_01.bvh,557
09/09_09.bvh,152
09/09_08.bvh,128
09/09_03.bvh,128
09/09_02.bvh,130
09/09_01.bvh,148
09/09_05.bvh,143
09/09_11.bvh,165
09/09_10.bvh,132
09/09_04.bvh,137
09/09_06.bvh,141
09/09_07.bvh,138
91/91_45.bvh,371
91/91_51.bvh,484
91/91_44.bvh,338
91/91_52.bvh,509
91/91_46.bvh,322
91/91_47.bvh,469
91/91_53.bvh,555
91/91_43.bvh,227
91/91_42.bvh,560
91/91_56.bvh,500
91/91_40.bvh,469
91/91_55.bvh,467
91/91_41.bvh,503
91/91_37.bvh,315
91/91_06.bvh,136
91/91_38.bvh,458
91/91_39.bvh,446
91/91_58.bvh,493
91/91_59.bvh,312
91/91_49.bvh,482
91/91_61.bvh,362
91/91_60.bvh,367
91/91_48.bvh,440
136/136_19.bvh,175
62/62_18.bvh,565
107/107_05.bvh,432
107/107_04.bvh,436
107/107_10.bvh,569
107/107_06.bvh,369
107/107_12.bvh,255
107/107_13.bvh,215
107/107_07.bvh,515
107/107_03.bvh,513
107/107_14.bvh,442
107/107_01.bvh,531
138/138_15.bvh,413
138/138_14.bvh,420
138/138_16.bvh,428
138/138_17.bvh,440
138/138_13.bvh,432
138/138_07.bvh,385
138/138_06.bvh,398
138/138_12.bvh,325
138/138_10.bvh,437
138/138_11.bvh,442
138/138_05.bvh,371
138/138_08.bvh,401
138/138_20.bvh,450
138/138_21.bvh,395
138/138_09.bvh,427
138/138_23.bvh,459
138/138_22.bvh,386
138/138_25.bvh,357
138/138_19.bvh,460
138/138_18.bvh,387
138/138_24.bvh,503
138/138_55.bvh,396
138/138_46.bvh,316
37/37_01.bvh,511
08/08_01.bvh,277
08/08_02.bvh,309
08/08_03.bvh,353
08/08_07.bvh,302
08/08_06.bvh,296
08/08_04.bvh,484
08/08_10.bvh,275
08/08_11.bvh,375
08/08_05.bvh,298
08/08_08.bvh,283
08/08_09.bvh,293
06/06_04.bvh,396
06/06_05.bvh,385
06/06_07.bvh,576
06/06_06.bvh,402
06/06_03.bvh,527
06/06_15.bvh,545
06/06_01.bvh,494
06/06_14.bvh,479
06/06_08.bvh,342
06/06_09.bvh,301
39/39_09.bvh,395
39/39_08.bvh,350
39/39_14.bvh,399
39/39_01.bvh,378
39/39_03.bvh,407
39/39_02.bvh,400
39/39_12.bvh,427
39/39_06.bvh,368
39/39_07.bvh,367
39/39_13.bvh,378
39/39_05.bvh,400
39/39_10.bvh,391
39/39_04.bvh,410
106/106_07.bvh,298
106/106_13.bvh,368
106/106_12.bvh,568
106/106_10.bvh,507
106/106_04.bvh,547
106/106_05.bvh,230
106/106_01.bvh,74
106/106_14.bvh,577
106/106_28.bvh,355
106/106_02.bvh,112
106/106_16.bvh,299
106/106_17.bvh,561
106/106_03.bvh,230
106/106_26.bvh,398
106/106_27.bvh,555
106/106_18.bvh,388
106/106_24.bvh,260
106/106_08.bvh,331
106/106_34.bvh,314
106/106_21.bvh,272
106/106_09.bvh,234
106/106_23.bvh,256
106/106_22.bvh,198
139/139_05.bvh,511
139/139_11.bvh,320
139/139_07.bvh,505
55/55_04.bvh,530
137/137_25.bvh,155
108/108_16.bvh,353
108/108_17.bvh,231
108/108_15.bvh,356
108/108_14.bvh,176
108/108_28.bvh,363
108/108_04.bvh,184
108/108_10.bvh,238
108/108_11.bvh,244
108/108_05.bvh,183
108/108_13.bvh,156
108/108_07.bvh,223
108/108_06.bvh,189
108/108_12.bvh,137
108/108_22.bvh,462
108/108_08.bvh,225
108/108_20.bvh,279
108/108_21.bvh,496
108/108_09.bvh,251
108/108_19.bvh,255
108/108_18.bvh,246
108/108_24.bvh,531
108/108_26.bvh,553
108/108_27.bvh,419
63/63_12.bvh,504
63/63_06.bvh,529
63/63_07.bvh,376
63/63_13.bvh,437
63/63_05.bvh,387
63/63_11.bvh,593
63/63_10.bvh,562
63/63_04.bvh,412
63/63_28.bvh,517
63/63_14.bvh,559
63/63_15.bvh,415
63/63_01.bvh,448
63/63_29.bvh,579
63/63_17.bvh,534
63/63_03.bvh,444
63/63_02.bvh,493
63/63_27.bvh,569
63/63_26.bvh,562
63/63_24.bvh,578
63/63_18.bvh,475
63/63_19.bvh,367
63/63_09.bvh,452
63/63_21.bvh,437
63/63_20.bvh,586
63/63_08.bvh,364
63/63_22.bvh,527
63/63_23.bvh,521
64/64_27.bvh,569
64/64_26.bvh,562
64/64_18.bvh,475
64/64_24.bvh,578
64/64_19.bvh,367
64/64_21.bvh,437
64/64_09.bvh,452
64/64_08.bvh,364
64/64_20.bvh,586
64/64_22.bvh,527
64/64_23.bvh,521
64/64_06.bvh,529
64/64_12.bvh,504
64/64_13.bvh,437
64/64_07.bvh,376
64/64_11.bvh,593
64/64_05.bvh,387
64/64_04.bvh,412
64/64_10.bvh,562
64/64_14.bvh,559
64/64_28.bvh,517
64/64_29.bvh,579
64/64_01.bvh,448
64/64_15.bvh,415
64/64_03.bvh,444
64/64_17.bvh,534
64/64_02.bvh,493
90/90_11.bvh,180
90/90_05.bvh,513
90/90_10.bvh,2
90/90_18.bvh,394
90/90_09.bvh,305
90/90_08.bvh,337
79/79_01.bvh,586
79/79_28.bvh,408
79/79_07.bvh,329
79/79_06.bvh,590
79/79_38.bvh,541
79/79_11.bvh,130
79/79_08.bvh,442
79/79_36.bvh,518
79/79_33.bvh,581
79/79_31.bvh,578
79/79_96.bvh,559
79/79_91.bvh,498
115/115_09.bvh,399
115/115_08.bvh,486
115/115_05.bvh,585
115/115_10.bvh,366
115/115_04.bvh,381
115/115_06.bvh,357
115/115_07.bvh,416
115/115_03.bvh,452
115/115_02.bvh,400
115/115_01.bvh,469
83/83_51.bvh,591
83/83_45.bvh,495
83/83_50.bvh,528
83/83_46.bvh,501
83/83_52.bvh,508
83/83_53.bvh,539
83/83_43.bvh,597
83/83_57.bvh,409
83/83_56.bvh,501
83/83_42.bvh,540
83/83_54.bvh,420
83/83_40.bvh,530
83/83_41.bvh,470
83/83_26.bvh,522
83/83_25.bvh,541
83/83_19.bvh,509
83/83_18.bvh,466
83/83_24.bvh,532
83/83_08.bvh,462
83/83_20.bvh,524
83/83_21.bvh,519
83/83_09.bvh,451
83/83_23.bvh,542
83/83_13.bvh,507
83/83_07.bvh,422
83/83_06.bvh,401
83/83_12.bvh,508
83/83_04.bvh,467
83/83_10.bvh,479
83/83_11.bvh,99
83/83_05.bvh,486
83/83_15.bvh,522
83/83_14.bvh,429
83/83_16.bvh,510
83/83_02.bvh,364
83/83_17.bvh,524
83/83_64.bvh,578
83/83_58.bvh,364
83/83_65.bvh,401
83/83_62.bvh,474
83/83_49.bvh,456
83/83_61.bvh,503
83/83_60.bvh,406
83/83_48.bvh,445
77/77_11.bvh,320
77/77_05.bvh,511
77/77_07.bvh,505
84/84_07.bvh,311
84/84_12.bvh,302
84/84_06.bvh,325
84/84_10.bvh,335
84/84_04.bvh,315
84/84_05.bvh,323
84/84_11.bvh,346
84/84_15.bvh,439
84/84_01.bvh,464
84/84_14.bvh,447
84/84_02.bvh,265
84/84_16.bvh,493
84/84_17.bvh,521
84/84_03.bvh,396
84/84_19.bvh,488
84/84_18.bvh,492
84/84_20.bvh,576
84/84_08.bvh,168
84/84_09.bvh,199
124/124_10.bvh,249
23/23_25.bvh,175
23/23_19.bvh,480
23/23_18.bvh,538
23/23_24.bvh,214
23/23_08.bvh,226
23/23_20.bvh,376
23/23_21.bvh,389
23/23_09.bvh,538
23/23_23.bvh,215
23/23_22.bvh,181
23/23_07.bvh,303
23/23_12.bvh,304
23/23_06.bvh,503
23/23_10.bvh,517
23/23_04.bvh,520
23/23_05.bvh,524
23/23_11.bvh,541
23/23_15.bvh,495
23/23_02.bvh,472
23/23_16.bvh,432
12/12_01.bvh,523
12/12_03.bvh,565
85/85_09.bvh,253
125/125_07.bvh,362
76/76_07.bvh,20
76/76_11.bvh,513
76/76_04.bvh,417
82/82_10.bvh,564
82/82_12.bvh,402
82/82_13.bvh,413
82/82_01.bvh,10
82/82_18.bvh,10
49/49_04.bvh,251
49/49_05.bvh,164
49/49_07.bvh,471
49/49_13.bvh,523
49/49_06.bvh,481
49/49_08.bvh,575
122/122_06.bvh,401
122/122_12.bvh,508
122/122_13.bvh,507
122/122_07.bvh,422
122/122_11.bvh,99
122/122_05.bvh,486
122/122_04.bvh,467
122/122_10.bvh,479
122/122_14.bvh,429
122/122_15.bvh,522
122/122_17.bvh,524
122/122_16.bvh,510
122/122_02.bvh,364
122/122_65.bvh,401
122/122_58.bvh,364
122/122_64.bvh,578
122/122_62.bvh,474
122/122_48.bvh,445
122/122_60.bvh,406
122/122_61.bvh,503
122/122_49.bvh,456
122/122_50.bvh,528
122/122_51.bvh,591
122/122_45.bvh,495
122/122_53.bvh,539
122/122_46.bvh,501
122/122_52.bvh,508
122/122_56.bvh,501
122/122_42.bvh,540
122/122_43.bvh,597
122/122_57.bvh,409
122/122_41.bvh,470
122/122_54.bvh,420
122/122_40.bvh,530
122/122_26.bvh,522
122/122_24.bvh,532
122/122_18.bvh,466
122/122_19.bvh,509
122/122_25.bvh,541
122/122_09.bvh,451
122/122_21.bvh,519
122/122_20.bvh,524
122/122_08.bvh,462
122/122_23.bvh,542
122/143/143_03.bvh,239
122/143/143_02.bvh,208
122/143/143_01.bvh,100
122/143/143_05.bvh,338
122/143/143_10.bvh,575
122/143/143_06.bvh,393
122/143/143_12.bvh,590
122/143/143_13.bvh,581
122/143/143_07.bvh,557
122/143/143_42.bvh,537
122/143/143_37.bvh,551
122/143/143_09.bvh,545
122/143/143_08.bvh,387
122/143/143_30.bvh,370
122/143/143_31.bvh,423
122/143/143_33.bvh,361
122/144/144_19.bvh,347
122/141/141_12.bvh,568
122/141/141_13.bvh,368
122/141/141_07.bvh,298
122/141/141_05.bvh,230
122/141/141_04.bvh,547
122/141/141_10.bvh,507
122/141/141_14.bvh,577
122/141/141_28.bvh,355
122/141/141_01.bvh,74
122/141/141_03.bvh,230
122/141/141_17.bvh,561
122/141/141_16.bvh,299
122/141/141_02.bvh,112
122/141/141_27.bvh,555
122/141/141_26.bvh,398
122/141/141_18.bvh,388
122/141/141_24.bvh,260
122/141/141_21.bvh,272
122/141/141_09.bvh,234
122/141/141_08.bvh,331
122/141/141_34.bvh,314
122/141/141_22.bvh,198
122/141/141_23.bvh,256
114/114_01.bvh,321
113/113_27.bvh,357
113/113_07.bvh,582
113/113_12.bvh,397
113/113_11.bvh,278
113/113_02.bvh,529
113/113_03.bvh,485
78/78_23.bvh,519
78/78_35.bvh,220
78/78_21.bvh,226
78/78_09.bvh,151
78/78_08.bvh,112
78/78_20.bvh,230
78/78_34.bvh,305
78/78_18.bvh,213
78/78_24.bvh,246
78/78_25.bvh,356
78/78_19.bvh,176
78/78_27.bvh,296
78/78_33.bvh,229
78/78_32.bvh,214
78/78_26.bvh,326
78/78_03.bvh,174
78/78_17.bvh,179
78/78_16.bvh,196
78/78_02.bvh,277
78/78_14.bvh,171
78/78_28.bvh,448
78/78_29.bvh,171
78/78_01.bvh,169
78/78_15.bvh,152
78/78_11.bvh,46
78/78_05.bvh,167
78/78_04.bvh,152
78/78_10.bvh,140
78/78_06.bvh,109
78/78_12.bvh,97
78/78_13.bvh,174
78/78_07.bvh,141
13/13_40.bvh,319
13/13_41.bvh,369
13/13_42.bvh,400
13/13_19.bvh,426
13/13_32.bvh,336
13/13_39.bvh,351
13/13_11.bvh,415
13/13_13.bvh,439
140/140_05.bvh,27
14/14_37.bvh,513
22/22_11.bvh,541
22/22_05.bvh,524
22/22_04.bvh,520
22/22_10.bvh,517
22/22_06.bvh,503
22/22_12.bvh,304
22/22_07.bvh,303
22/22_16.bvh,432
22/22_02.bvh,472
22/22_15.bvh,495
22/22_18.bvh,538
22/22_24.bvh,214
22/22_25.bvh,175
22/22_19.bvh,480
22/22_22.bvh,181
22/22_23.bvh,215
22/22_21.bvh,389
22/22_09.bvh,538
22/22_08.bvh,226
22/22_20.bvh,376
